-- phpMyAdmin SQL Dump
-- version 3.5.2
-- http://www.phpmyadmin.net
--
-- Host: localhost
-- Generation Time: Sep 29, 2012 at 11:59 AM
-- Server version: 5.5.25a-log
-- PHP Version: 5.4.4

SET SQL_MODE="NO_AUTO_VALUE_ON_ZERO";
SET time_zone = "+00:00";


/*!40101 SET @OLD_CHARACTER_SET_CLIENT=@@CHARACTER_SET_CLIENT */;
/*!40101 SET @OLD_CHARACTER_SET_RESULTS=@@CHARACTER_SET_RESULTS */;
/*!40101 SET @OLD_COLLATION_CONNECTION=@@COLLATION_CONNECTION */;
/*!40101 SET NAMES utf8 */;

--
-- Database: `a2139385_ytalfa`
--

-- --------------------------------------------------------

--
-- Table structure for table `tags`
--

CREATE TABLE IF NOT EXISTS `tags` (
  `id` int(11) NOT NULL AUTO_INCREMENT,
  `name` varchar(35) COLLATE latin1_general_ci NOT NULL,
  PRIMARY KEY (`id`),
  UNIQUE KEY `name` (`name`)
) ENGINE=MyISAM  DEFAULT CHARSET=latin1 COLLATE=latin1_general_ci AUTO_INCREMENT=560 ;

--
-- Dumping data for table `tags`
--

INSERT INTO `tags` (`id`, `name`) VALUES
(371, 'good'),
(372, 'happy'),
(373, 'lucky'),
(374, 'bad'),
(375, 'sad'),
(376, 'horny'),
(377, 'lovely'),
(378, 'falling in love'),
(379, 'angry'),
(380, 'full of energy'),
(381, 'frustrated'),
(382, 'fooled'),
(383, 'lonely'),
(384, 'depressed'),
(385, 'good to work'),
(386, 'calming'),
(387, 'party'),
(388, 'weird'),
(389, 'mad'),
(390, 'sex'),
(391, 'hungry'),
(392, 'love'),
(393, 'hopeless'),
(394, 'ecstasy'),
(395, 'grief'),
(396, 'tenderness'),
(397, 'bliss'),
(398, 'joy'),
(399, 'nostalgic'),
(400, 'dead'),
(401, 'erotic'),
(402, 'sexy'),
(403, 'neurotic'),
(559, 'meaning of life'),
(406, 'missing'),
(407, 'losing'),
(408, 'betrayed'),
(409, 'cheerfull'),
(410, 'majestatic'),
(411, 'enthusiastic'),
(412, 'trascendental'),
(413, 'metaphorical'),
(414, 'euphoria'),
(415, 'warlike'),
(416, 'aggressive'),
(417, 'motivating'),
(418, 'beautifull'),
(419, 'funny'),
(420, 'dummy'),
(421, 'dreaming'),
(422, 'sleeping'),
(423, 'screaming'),
(424, 'broken'),
(425, 'very sad'),
(426, 'just sad'),
(427, 'passing by'),
(428, 'bitter'),
(429, 'sweet'),
(430, 'sweet and little sour'),
(431, 'ritual'),
(432, 'trance'),
(433, 'dancing'),
(434, 'meditathion'),
(435, 'nature sounds'),
(437, 'ironic'),
(438, 'sarcastic'),
(439, 'legendary'),
(440, 'agonizing'),
(441, 'immortal'),
(442, 'paranoia'),
(443, 'nervous'),
(444, 'going down'),
(445, 'upset'),
(446, 'hysteria'),
(447, 'sober'),
(448, 'distant'),
(449, 'stoic'),
(450, 'cynic'),
(451, 'misunderstood'),
(452, 'money'),
(453, 'rich'),
(454, 'fuck off'),
(455, 'alcohol'),
(456, 'drugs'),
(457, 'anxiety'),
(458, 'heavy'),
(459, 'light'),
(460, 'starting new life'),
(461, 'believing in smth'),
(462, 'somebody missing'),
(463, 'dying'),
(464, 'alive'),
(465, 'pray'),
(466, 'fucked up'),
(467, 'old paths'),
(468, 'fearfull'),
(469, 'faithfull'),
(470, 'evil'),
(471, 'saint'),
(472, 'awarded'),
(473, 'addicted'),
(474, 'new friend'),
(475, 'broken hearted'),
(476, 'dumped'),
(477, 'desire'),
(478, 'promoted'),
(479, 'noble'),
(480, 'stuck'),
(481, 'before the choice'),
(482, 'dilemma'),
(483, 'thinkfull'),
(484, 'hypocrisy'),
(485, 'celebrating'),
(486, 'power'),
(487, 'winning'),
(488, 'negation'),
(489, 'acceptation'),
(490, 'who cares'),
(491, 'impressive'),
(492, 'proud'),
(493, 'disappointed'),
(494, 'mysterious'),
(495, 'good morning'),
(496, 'sunset'),
(497, 'evening'),
(498, 'sleepless'),
(499, 'moonshine'),
(500, 'depreciated'),
(501, 'unimportant'),
(502, 'big fish'),
(503, 'abandoned'),
(504, 'confused'),
(505, 'dazed'),
(506, 'shocked'),
(507, 'dark night'),
(508, 'lied'),
(509, 'cheated'),
(510, 'wounded'),
(511, 'hurt'),
(512, 'turning black'),
(513, 'me against all'),
(514, 'sick'),
(515, 'my life sucks'),
(516, 'rush'),
(517, 'hush'),
(518, 'silence'),
(519, 'heat'),
(520, 'pressure'),
(521, 'disagreed'),
(522, 'disgust'),
(523, 'defiance'),
(524, 'things suck'),
(525, 'loosing smth'),
(526, 'happiest man on the world'),
(527, 'world is mine'),
(528, 'unhappy love'),
(529, 'conflicted'),
(530, 'against odds'),
(531, 'troubles'),
(532, 'wild'),
(533, 'summer'),
(534, 'vacation'),
(535, 'mistaken'),
(536, 'passion'),
(537, 'good time'),
(538, 'relief'),
(539, 'jealous'),
(540, 'lazy'),
(541, 'idle'),
(542, 'tired'),
(543, 'things are changing'),
(544, 'crying'),
(545, 'losing mind'),
(546, 'enigmatic'),
(547, 'beautifull day'),
(548, 'some wisdom'),
(549, 'break up'),
(550, 'shallow'),
(551, 'empty'),
(552, 'crazy'),
(553, 'stupid girls'),
(554, 'nothing'),
(555, 'exhausted'),
(556, 'beaten'),
(557, 'hard times');

-- --------------------------------------------------------

--
-- Table structure for table `v2t`
--

CREATE TABLE IF NOT EXISTS `v2t` (
  `yt_id` varchar(11) COLLATE latin1_general_ci NOT NULL,
  `tag_id` int(11) NOT NULL,
  `counter` int(11) NOT NULL DEFAULT '0',
  PRIMARY KEY (`yt_id`,`tag_id`),
  KEY `counter` (`counter`)
) ENGINE=MyISAM DEFAULT CHARSET=latin1 COLLATE=latin1_general_ci;

--
-- Dumping data for table `v2t`
--

INSERT INTO `v2t` (`yt_id`, `tag_id`, `counter`) VALUES
('QTA4FHafR_o', 380, 4),
('QTA4FHafR_o', 408, 14),
('_IHxG8VkiQA', 381, 1),
('QTA4FHafR_o', 375, 8),
('QTA4FHafR_o', 374, 16),
('QTA4FHafR_o', 419, 15),
('QTA4FHafR_o', 381, 21),
('QTA4FHafR_o', 379, 28),
('_IHxG8VkiQA', 378, 1),
('_IHxG8VkiQA', 407, 10),
('_IHxG8VkiQA', 424, 12),
('_IHxG8VkiQA', 428, 15),
('W57UseviQ8g', 424, 1),
('QTA4FHafR_o', 388, 7),
('PSZxmZmBfnU', 409, 6),
('NxuqhK-JTGs', 428, 8),
('NxuqhK-JTGs', 407, 5),
('NxuqhK-JTGs', 437, 9),
('NxuqhK-JTGs', 427, 6),
('NxuqhK-JTGs', 419, 8),
('NxuqhK-JTGs', 438, 5),
('PSZxmZmBfnU', 375, 2),
('PSZxmZmBfnU', 406, 2),
('PSZxmZmBfnU', 397, 2),
('PSZxmZmBfnU', 407, 1),
('PSZxmZmBfnU', 427, 3),
('PSZxmZmBfnU', 418, 5),
('PSZxmZmBfnU', 399, 4),
('PSZxmZmBfnU', 396, 8),
('QTA4FHafR_o', 416, 27),
('QTA4FHafR_o', 424, 3),
('QTA4FHafR_o', 428, 12),
('QTA4FHafR_o', 395, 12),
('QTA4FHafR_o', 415, 11),
('43Qm5H_8wL0', 419, 1),
('-0W-Gjx3TfA', 466, 2),
('-0W-Gjx3TfA', 420, 4),
('-0W-Gjx3TfA', 459, 2),
('_IHxG8VkiQA', 542, 2),
('_IHxG8VkiQA', 465, 1),
('_IHxG8VkiQA', 400, 3),
('_IHxG8VkiQA', 475, 2),
('_IHxG8VkiQA', 556, 5),
('_IHxG8VkiQA', 536, 2),
('_IHxG8VkiQA', 374, 10),
('_IHxG8VkiQA', 375, 8),
('_IHxG8VkiQA', 468, 3),
('_IHxG8VkiQA', 545, 2),
('_IHxG8VkiQA', 463, 2),
('PSZxmZmBfnU', 429, 4),
('PSZxmZmBfnU', 377, 2),
('PSZxmZmBfnU', 430, 2),
('PSZxmZmBfnU', 462, 2),
('PSZxmZmBfnU', 445, 2),
('PSZxmZmBfnU', 490, 9),
('PSZxmZmBfnU', 527, 1),
('PSZxmZmBfnU', 553, 6),
('-5A43pIuGKY', 432, 5),
('-5A43pIuGKY', 532, 2),
('-5A43pIuGKY', 552, 4),
('-5A43pIuGKY', 417, 2),
('-5A43pIuGKY', 431, 4),
('-5A43pIuGKY', 433, 4),
('-5A43pIuGKY', 546, 4),
('-5A43pIuGKY', 536, 3),
('-5A43pIuGKY', 412, 2),
('-5A43pIuGKY', 494, 4),
('-5A43pIuGKY', 465, 4),
('-5A43pIuGKY', 464, 2),
('-5A43pIuGKY', 403, 1),
('-5A43pIuGKY', 442, 1),
('-5A43pIuGKY', 520, 1),
('-5A43pIuGKY', 517, 3),
('-5A43pIuGKY', 440, 1),
('-5A43pIuGKY', 413, 2),
('-R6DMruFqvE', 418, 2),
('-R6DMruFqvE', 396, 1),
('-R6DMruFqvE', 377, 3),
('-R6DMruFqvE', 372, 2),
('-R6DMruFqvE', 527, 1),
('-R6DMruFqvE', 399, 1),
('-R6DMruFqvE', 394, 1),
('-R6DMruFqvE', 533, 1),
('-R6DMruFqvE', 538, 1),
('-R6DMruFqvE', 433, 4),
('-R6DMruFqvE', 547, 3),
('-R6DMruFqvE', 409, 2),
('-R6DMruFqvE', 378, 2),
('-R6DMruFqvE', 489, 3),
('-R6DMruFqvE', 398, 5),
('-R6DMruFqvE', 496, 2),
('-R6DMruFqvE', 469, 1),
('-R6DMruFqvE', 432, 2),
('-R6DMruFqvE', 485, 3),
('-R6DMruFqvE', 371, 3),
('-R6DMruFqvE', 536, 3),
('-R6DMruFqvE', 429, 2),
('-R6DMruFqvE', 431, 1),
('-R6DMruFqvE', 392, 4),
('-R6DMruFqvE', 373, 1),
('03lItdEAhvo', 375, 5),
('03lItdEAhvo', 400, 2),
('03lItdEAhvo', 428, 4),
('03lItdEAhvo', 427, 1),
('03lItdEAhvo', 425, 3),
('03lItdEAhvo', 530, 2),
('03lItdEAhvo', 510, 2),
('03lItdEAhvo', 501, 2),
('03lItdEAhvo', 556, 3),
('03lItdEAhvo', 475, 3),
('03lItdEAhvo', 463, 2),
('03lItdEAhvo', 458, 1),
('03lItdEAhvo', 455, 3),
('03lItdEAhvo', 503, 5),
('03lItdEAhvo', 383, 2),
('03lItdEAhvo', 424, 4),
('03lItdEAhvo', 544, 3),
('03lItdEAhvo', 426, 4),
('03lItdEAhvo', 384, 5),
('03lItdEAhvo', 545, 4),
('03lItdEAhvo', 399, 1),
('03lItdEAhvo', 445, 3),
('03lItdEAhvo', 407, 4),
('03lItdEAhvo', 465, 2),
('03lItdEAhvo', 406, 2),
('03lItdEAhvo', 462, 4),
('03lItdEAhvo', 393, 5),
('03lItdEAhvo', 551, 5),
('03lItdEAhvo', 557, 3),
('03lItdEAhvo', 524, 3),
('03lItdEAhvo', 515, 3),
('03lItdEAhvo', 493, 2),
('0_7G-2Ea4GU', 546, 1),
('0_7G-2Ea4GU', 413, 1),
('0_7G-2Ea4GU', 463, 2),
('0_7G-2Ea4GU', 528, 1),
('0_7G-2Ea4GU', 494, 1),
('0_7G-2Ea4GU', 401, 2),
('0_7G-2Ea4GU', 545, 1),
('0_7G-2Ea4GU', 444, 1),
('0_7G-2Ea4GU', 465, 3),
('0_7G-2Ea4GU', 450, 1),
('0_7G-2Ea4GU', 438, 2),
('0_7G-2Ea4GU', 424, 2),
('0_7G-2Ea4GU', 475, 1),
('0_7G-2Ea4GU', 375, 2),
('0_7G-2Ea4GU', 443, 1),
('1cTcBzAjfsc', 375, 3),
('1cTcBzAjfsc', 374, 1),
('1cTcBzAjfsc', 428, 2),
('1cTcBzAjfsc', 383, 3),
('1cTcBzAjfsc', 406, 1),
('1cTcBzAjfsc', 551, 2),
('1cTcBzAjfsc', 384, 2),
('1cTcBzAjfsc', 454, 2),
('1cTcBzAjfsc', 445, 3),
('1cTcBzAjfsc', 531, 1),
('1cTcBzAjfsc', 407, 2),
('1cTcBzAjfsc', 462, 3),
('1RqT9rg1s-4', 432, 2),
('1RqT9rg1s-4', 433, 4),
('1RqT9rg1s-4', 435, 2),
('1RqT9rg1s-4', 418, 3),
('1RqT9rg1s-4', 431, 2),
('1RqT9rg1s-4', 533, 2),
('1RqT9rg1s-4', 536, 4),
('1RqT9rg1s-4', 532, 2),
('1RqT9rg1s-4', 412, 2),
('1RqT9rg1s-4', 392, 2),
('1RqT9rg1s-4', 518, 2),
('1RqT9rg1s-4', 398, 2),
('1RqT9rg1s-4', 497, 3),
('1RqT9rg1s-4', 399, 4),
('1RqT9rg1s-4', 557, 1),
('1RqT9rg1s-4', 409, 2),
('1RqT9rg1s-4', 546, 2),
('1RqT9rg1s-4', 443, 3),
('1RqT9rg1s-4', 520, 1),
('1RqT9rg1s-4', 430, 3),
('1RqT9rg1s-4', 378, 1),
('1RqT9rg1s-4', 552, 1),
('1RqT9rg1s-4', 496, 2),
('1RqT9rg1s-4', 388, 1),
('7I4xgJkRlS0', 445, 3),
('7I4xgJkRlS0', 484, 3),
('7I4xgJkRlS0', 381, 1),
('7I4xgJkRlS0', 424, 2),
('7I4xgJkRlS0', 426, 1),
('7I4xgJkRlS0', 375, 3),
('7I4xgJkRlS0', 551, 3),
('7I4xgJkRlS0', 544, 1),
('7I4xgJkRlS0', 512, 2),
('7I4xgJkRlS0', 399, 1),
('7I4xgJkRlS0', 382, 2),
('7I4xgJkRlS0', 508, 3),
('7I4xgJkRlS0', 468, 2),
('7I4xgJkRlS0', 550, 2),
('7I4xgJkRlS0', 393, 3),
('7I4xgJkRlS0', 524, 3),
('7wChlvZbXjY', 475, 1),
('7wChlvZbXjY', 522, 1),
('7wChlvZbXjY', 514, 1),
('7wChlvZbXjY', 445, 1),
('7wChlvZbXjY', 438, 2),
('7wChlvZbXjY', 530, 2),
('7wChlvZbXjY', 488, 2),
('7wChlvZbXjY', 548, 2),
('7wChlvZbXjY', 437, 2),
('7wChlvZbXjY', 379, 1),
('7wChlvZbXjY', 468, 2),
('7wChlvZbXjY', 529, 1),
('7wChlvZbXjY', 450, 3),
('7wChlvZbXjY', 508, 2),
('7wChlvZbXjY', 382, 1),
('7wChlvZbXjY', 521, 4),
('7wChlvZbXjY', 483, 2),
('7wChlvZbXjY', 454, 1),
('81u6fMRM1IE', 427, 1),
('81u6fMRM1IE', 503, 1),
('81u6fMRM1IE', 393, 1),
('81u6fMRM1IE', 399, 2),
('81u6fMRM1IE', 496, 2),
('81u6fMRM1IE', 532, 2),
('81u6fMRM1IE', 430, 1),
('AscPOozwYA8', 418, 2),
('AscPOozwYA8', 489, 2),
('AscPOozwYA8', 397, 2),
('AscPOozwYA8', 373, 1),
('AscPOozwYA8', 465, 3),
('AscPOozwYA8', 375, 1),
('AscPOozwYA8', 445, 1),
('AscPOozwYA8', 469, 2),
('AscPOozwYA8', 462, 2),
('AscPOozwYA8', 430, 1),
('AscPOozwYA8', 396, 2),
('AscPOozwYA8', 497, 1),
('AscPOozwYA8', 544, 4),
('AscPOozwYA8', 536, 3),
('AscPOozwYA8', 392, 3),
('AscPOozwYA8', 428, 1),
('9d6q3caSO0A', 412, 4),
('9d6q3caSO0A', 418, 3),
('9d6q3caSO0A', 547, 4),
('9d6q3caSO0A', 477, 1),
('9d6q3caSO0A', 378, 1),
('9d6q3caSO0A', 398, 4),
('9d6q3caSO0A', 533, 3),
('9d6q3caSO0A', 432, 3),
('9d6q3caSO0A', 497, 4),
('9d6q3caSO0A', 371, 3),
('9d6q3caSO0A', 390, 3),
('9d6q3caSO0A', 536, 4),
('9d6q3caSO0A', 491, 1),
('9d6q3caSO0A', 518, 2),
('974dhopPlWA', 462, 2),
('974dhopPlWA', 458, 1),
('974dhopPlWA', 544, 2),
('974dhopPlWA', 400, 2),
('974dhopPlWA', 551, 2),
('974dhopPlWA', 488, 4),
('974dhopPlWA', 493, 2),
('974dhopPlWA', 524, 2),
('974dhopPlWA', 425, 4),
('974dhopPlWA', 375, 4),
('974dhopPlWA', 463, 2),
('Abbu5hcH0kk', 408, 1),
('Abbu5hcH0kk', 528, 2),
('Abbu5hcH0kk', 510, 2),
('Abbu5hcH0kk', 384, 3),
('Abbu5hcH0kk', 544, 2),
('Abbu5hcH0kk', 511, 2),
('Abbu5hcH0kk', 476, 2);

-- --------------------------------------------------------

--
-- Table structure for table `videos`
--

CREATE TABLE IF NOT EXISTS `videos` (
  `yt_id` varchar(11) COLLATE latin1_general_ci NOT NULL,
  `title` varchar(100) CHARACTER SET utf8 COLLATE utf8_bin NOT NULL,
  PRIMARY KEY (`yt_id`)
) ENGINE=MyISAM DEFAULT CHARSET=latin1 COLLATE=latin1_general_ci;

--
-- Dumping data for table `videos`
--

INSERT INTO `videos` (`yt_id`, `title`) VALUES
('JlKs_pZPfIw', 'Smerfne Hity - Dzieci lubiÄ… smerfy'),
('IB8gVc4xij0', 'Rammstein - Stirb nicht vor mir (Don''t die before I do)'),
('BgZsTmFaleI', 'Urszula - AnioÅ‚ wie'),
('C3_XJf1TAzU', 'deep purple - when a blind man cries'),
('g0G9vDKcdLg', 'Kiwi Mad World Version'),
('HQ-9YLNATTE', 'Bee Gees - Stayin'' Alive (Arka Satana - Czarna Msza)'),
('2WX_4FNoto4', 'Smoke on the water'),
('usdyJzxkYgc', 'Kult -Hej czy nie wiecie - Kolbuszowa 15.12.2007'),
('DHKiNlcFMoA', 'Stan Borys - Chmurami zataÅ„czy sen vs. Peja - GÅ‚ucha noc'),
('1cTcBzAjfsc', 'jim morrison/people are strange the doors'),
('gckkoooLXKs', 'Zorba ( instrumental) greek'),
('43Qm5H_8wL0', 'Bang!  Sniper'),
('cdUi0Y5piAY', 'do koÅ‚yski'),
('T5Xl0Qry-hA', 'Nancy Sinatra Bang Bang'),
('6AXPnH0C9UA', 'The Song of the Count - Lemon Demon Version'),
('tTaOvzZKRxA', 'Led Zeppelin - Kashmir'),
('uYaeN5dInPU', 'sÅ‚odko-gorzki'),
('FoNmNmXExZ8', 'DO THE EVOLUTION'),
('WFoUgWIaPcw', 'SÅ‚odko-gorzki Piosenka na plaÅ¼y!'),
('iVKzfGyZTyo', 'Sinead O'' Connor - You Made Me The Thief Of Your Heart'),
('x8gNPUzmjJY', 'Scene from "Dead man"'),
('LtyI8NN2MkM', 'Stratovarius - Darkness'),
('DlOO-EkdTCM', 'L''italiano ( l asciatemi cantare  ) Toto Cotugno - lyrics'),
('WfOEylMSUpM', 'Stratovarius - Abyss'),
('3rMRGC_NEcg', 'Andrzej Å»uÅ‚awski - Possession (1981)'),
('HEd95cbLIKM', 'Sinead O''Connor - You Made Me The Thief Of  Your Heart'),
('7ueO9ZYYhBY', 'DJ Jole -  The Godfather Theme Hard ReMiX !!'),
('sdDLSYe50ho', 'Bono anda Garvin Friday- In The Name of The Father'),
('kUMab1GYMIY', 'In the Name of the Father'),
('pKVVkiMIkM0', 'Dead Man Iggy Pop scene'),
('H6rBJqXEEdU', 'Budka Suflera Martwe Morze'),
('JMkFjYRWM4M', 'Angie - The Rolling Stones'),
('uOeyZeapJGY', 'Marzec 1968 na fotografiach'),
('KV4Rg2UFN0o', 'Kaczmarski - OpowieÅ›Ä‡ pewnego emigranta'),
('ubtER-ECMwg', 'Nothing else matters awesome intro'),
('6gi-73HVMDg', 'People Are Strange'),
('81u6fMRM1IE', 'The Doors - The End Live At The Isle Of Wight Festival 1970'),
('bQWIB9ejgk4', 'Budka Suflera - Mokre oczy'),
('g4alxhP6xVQ', 'DEEP PURPLE & PAVAROTTI - NESSUN DORMA'),
('mRJciFLW2t0', 'Budka Suflera - Jeden Raz'),
('7U-7DJFgooU', '''Bourne Identity'' track by Moby'),
('aDEX1XO9uW0', 'Stratovarius - Future Shock'),
('AscPOozwYA8', 'Eric Clapton/Tears in heaven'),
('h7xF51AFkys', 'Deep Purple - Sometimes I feel like screaming'),
('MUpc0YNkkJ0', 'Eric Clapton - Have you ever loved a woman'),
('uLJ_QVfT_wM', 'Echoes'),
('S8JyjXs96PA', 'Pocisk miÅ‚oÅ›ci'),
('UgeS4JlmVzw', 'Karuzela 29.11.07'),
('ez8dqEHCCyY', 'Ennio Morricone - Le Professionnel'),
('sK57UDkZ6cY', 'Jacek BoÅ„czyk "Autoportret Witkacego"'),
('3MoUgZ3XAPo', '4 LO 29.11.07 StodoÅ‚a'),
('jNrfHcPdQO4', 'Kiedy byÅ‚em maÅ‚ym chÅ‚opcem - Tadeusz Nalepa'),
('BcL---4xQYA', 'Led Zeppelin - Stairway To Heaven'),
('VyXsRzR0ioA', 'Kaczmarski, Gintrowski, ÅapiÅ„ski- Autoportret Witkacego'),
('T2ww789yCrY', 'Dante Thomas - Miss California'),
('kv7ODCyrZ5g', 'GrabaÅ¼ & Strachy na lachy - Raissa (2004)'),
('njyo7d1wSu4', 'Karate - Tadeusz Nalepa - bluesbreakout'),
('KBRu4yx6HBw', 'Oni zaraz przyjdÄ… tu - Tadeusz Nalepa'),
('Xqu6OFCE5eY', 'Anya - Deep purple'),
('ueB0rsmoJKo', 'Budka Suflera - Noc Komety'),
('CqvrfEaKcs4', 'Deep Purple Anya (HQ)'),
('cbT6uSCLCNw', 'Sometimes I Feel Like Screaming'),
('EjxtHRo4gYY', 'Deep Purple - Sometimes I Feel Like Screaming (1 V 2009) WrocÅ‚aw PL'),
('kK44XQhvQSo', 'DÅ¼em - MaÅ‚a Aleja RÃ³Å¼'),
('BUh9UIWN5Ew', 'Dzem - "Z miÅ‚oÅ›ci do Ciebie..," [utwÃ³r T. Nalep]'),
('wlDmslyGmGI', 'Joe Cocker - You are so beautiful (nearly unplugged)'),
('8PhQv1Um-9M', 'Ray Charles & Oscar Peterson Play A Blues Duet - Very Rare'),
('29zQGhnKQck', 'Alex Britti, Joe Cocker & Pavarotti'),
('15TSEKXXIvI', 'Michael Jackson and Vitiligo'),
('-0W-Gjx3TfA', 'ChÅ‚opcy-Radarowcy - wolna aranÅ¼acja'),
('APKyPYR7jAk', 'Od tyÅ‚u i klasycznie by CeZik'),
('OgIcrNnRIX4', 'The truth about michael jackson'),
('rRge4m4vW7c', 'Sexy boy Michael Jackson hot moves O_o'),
('QpNB8Y7UXDU', 'Michael Makes Me High'),
('yammJn1vaVg', 'Red Hot Chili Peppers - Californication'),
('WO433MPFsMk', 'Stratovarius - Blackout'),
('s-DFlSnIaFw', 'Stratovarius - Fire Dance'),
('5Q8rwRtgYD8', 'Chmurami zataÅ„czy sen- Stan Borys'),
('FAzBa3QSpUY', 'Hugh Laurie sings his song "Mystery"'),
('fsHk9WC7fnQ', 'Graham Chapman''s funeral'),
('1RqT9rg1s-4', 'MichaÅ‚ Lorenc - Taniec noÅ¼y/SetkÃ¡nÃ­ v krvi'),
('a8pFEEiSFPU', 'Jacek Kaczmarski - Przyjaciele'),
('guMyd5c59WY', 'Epitafium dla W.W. (DOBRA JAKOÅšÄ†)  - Jacek Kaczmarski'),
('hbw1pGUhG7Q', 'Sabaton - The Price of a Mile'),
('dh0woT7NkKI', 'Jethro Tull - My God (Live)'),
('K3CHi_9sxj0', 'The Doors - People are Strange'),
('qYS732zyYfU', 'Eric Clapton - Cocaine'),
('sOA9NEmw32A', 'Stairway To Heaven Jimmy Page Eric Clapton and Jeff Beck'),
('T43m6dcMk6U', 'Rod Stewart & Jeff Beck - People Get Ready'),
('1Sc68Q3dlc8', 'Led Zeppelin 1975 05 18 Stairway To Heaven solo'),
('2UIptI2rcjg', 'Stevie Ray Vaughan & Jeff Beck'),
('EzgGTTtR0kc', 'Metallica - One'),
('uFChrJpCYrA', 'Aphrodite`s Child 666 - Aegian Sea'),
('selfqEH-JnY', 'AphroditeÂ´s child-The four horseman'),
('NmKpUyIAqok', 'THE SPY THE DOORS'),
('qbtCo6z8GHo', 'Deep Purple - Child In Time - Russia 2002'),
('jEF6YO-VcVg', 'Deep Purple - When A Blind Man Cries - Live 1994'),
('03lItdEAhvo', 'When a blind man cries - Deep Purple'),
('NOIWP_VoOOc', 'When A Blind Man Cries - with Jeff Healey'),
('L2IsVsG9Whs', 'Deep Purple - Ritchie Blackmore Guitar Solos (Live)'),
('sBlcDBUEKPU', 'KRZESIMIR DEBSKI and String Connection - Bokra (Workoholic 1982)'),
('I66aySW4le8', 'Snuff Box - Boyfriend Scenes'),
('kPQR-OsH0RQ', 'nirvana - smells like teen spirit'),
('uH4nvTzxvjE', 'Lovers Tonight Friends Tomorrow--unplugged'),
('UY1YqcU4d-8', 'Say Goodbye - Best Live Version Ever.'),
('dvRI-gbsEmg', 'Say Goodbye - Madison Square Garden 12-3-1998'),
('grwP8QvI1jY', 'Twisted Sister - Heavy Metal Christmas'),
('L8hDsXnwvY4', 'Deep Purple - Anya'),
('mQiDs9tKZv4', 'Nancy Sinatra and  Lee Hazlewood - Summer Wine (1967)'),
('73dvrir5kig', 'Led Zeppelin-kashmir...the real video'),
('JVRt8Bx7JDY', 'Republika - OdchodzÄ…c'),
('uJhrqGaVgcw', 'DÅ¼em - CaÅ‚a w trawie'),
('fUIL4UTl2So', 'DÅ¼em-List do R."ObÅ‚uda"'),
('BHpju3g8Upc', 'ãƒªãƒ©ãƒƒã‚¯ã‚¹ï¼ˆãƒ†ã‚¤ã‚¯ãƒ»ã‚¤ãƒƒãƒˆãƒ»ã‚¤ãƒ¼ã‚¸ãƒ¼ï¼‰ / MIKA'),
('7wChlvZbXjY', 'Akurat - Do prostego czÅ‚owieka'),
('mGSKul7JksE', 'Gogol Bordello - Start Wearing Purple'),
('-5A43pIuGKY', 'Bono- In The Name Of The Father'),
('CZGWeSBkvFA', 'Wszystko co kocham - teledysk'),
('IqvvOD4bdRs', 'Bob Dylan Admits He Sold His Soul to the Devil'),
('3x_5eZjlrsE', 'Raz dwa Trzy - Nazywaj rzeczy po imieniu'),
('cNpCx_TDO24', 'Antony and the Johnsons - Knocking on Heaven''s door'),
('yW1_moo13cg', 'mira kubasiÅ„ska - wielki ogieÅ„'),
('gV_yOsFTRuo', 'Seweryn Krajewski "Kiedy mnie juÅ¼ nie bÄ™dzie"'),
('CVBAYZ5Pp6g', 'Raz dwa trzy - Uciekaj moje serce'),
('iZGlYxwcoXw', 'BEDUK - Electric Girl ( Official Music Video )'),
('9Ha1eqHDu_w', 'Ballad of a thin man - I''m Not There'),
('73QgBXMiXcA', 'Deep Purple - Anya - Live 1994'),
('PikyS4XQXD4', 'Raz Dwa Trzy - Nikt nikogo (I tak warto Å¼yÄ‡)'),
('MpFb2Qc5ujM', 'BedÃ¼k - Electric Girl'),
('ABfmYQl-qsw', 'Deep Purple - Beethoven'),
('tKf7oYywdS8', 'Rainbow - Blues & Beethoven (Live, 80''s)'),
('3Qb0KdwCvSs', 'Deep Purple - Black Night'),
('L5eaV6_dIvw', 'Deep Purple - Beethoven HD 1993  (Live at the Birmingham)'),
('B5LYQMZTVS0', 'Tadeusz Nalepa - Dbaj o miÅ‚oÅ›Ä‡ + tekst'),
('2AzpHvLWFUM', 'Greek Zorba Alexis Zorbas'),
('IJmg5_ROsJE', 'Czeslaw Niemen - Jednego serca'),
('GGMWiDVmpAs', 'Czeslaw Niemen - Kwiaty ojczyste'),
('WHSyh7Yxfec', 'Niemen - KlÄ™czÄ…c przed tobÄ…...'),
('UlSWUUVEiVY', 'Mira KubasiÅ„ska & Breakout - Masz to dziÅ›'),
('3w2Oeww5WD0', 'One - Metallica'),
('kLYhtFEQ07A', 'School of Life'),
('gzACDJCfQvs', 'CzesÅ‚aw Niemen Dziwny jest ten Å›wiat'),
('oi1RKs1iWuE', 'Psy2 Pasikowskiego twoja???'),
('qrrPG_mfoNk', 'Psy Pasikowskiego puknÄ…Ä‡ w stÃ³Å‚...'),
('cLyOrzFMkmk', 'Jennifer Morrison Tattoo'),
('WKhpzvUVEIU', 'Maanam- Co znaczÄ… te sÅ‚owa'),
('HyyHqgRyATY', 'Turbo Jaki ByÅ‚ Ten DzieÅ„'),
('21OEPqenwzc', 'Ä°rem - Teoman : "DuÅŸ"'),
('0_7G-2Ea4GU', 'Rezerwat - Zaopiekuj siÄ™ mnÄ…'),
('IUI7c782ZZU', 'TURBO - "LÄ™k"'),
('qVJ0uGsVuqg', 'Fizyka'),
('CNBH2ZkJS4M', '"Goscie z kosmosu": James Bond- Egzamin'),
('MKtcrZ6SaLA', 'Job Karma -Ecce Homo'),
('CX7xddWLyYI', 'Sonic Youth - I''m not there'),
('OorZcOzNcgE', 'Child In Time - Deep Purple'),
('d2rmScLelmE', 'Guns N'' Roses Don''t Cry 1987 Version'),
('YgFT_HRlIc4', 'StanisÅ‚aw Staszewski - Bal kreÅ›larzy'),
('ubeMeOJFjFg', 'Elton John - Rocket Man'),
('pJf4USdb8lg', 'VERSUS: You vs Them Promo (2010)'),
('hiS4arlBI9U', 'APHRODITE''S CHILD - BREAK'),
('LYgxX4roCec', 'DKS - Sing With A Swing - (A New Things Rmx) (Official Videoclip)'),
('Czb4dqtsKm8', 'The Beast - Aphrodite''s Child'),
('cYyp7qFEkAQ', 'Carlito''s Way - Final - Al Pacino - 1993'),
('-R6DMruFqvE', 'Dance of Spring'),
('XMOTxtf674A', 'Ivan i Delfin - Czarne Oczy (Arka Satana - Czarne Krocze)'),
('OSq_nwoG43s', 'Rhapsody in Blue - George Gershwin - New York City'),
('4S-7lPvoTv4', 'Bob Forrest - Moonshiner (I''m not there, Soundtrack)'),
('WNkxgjQvOa8', 'Deep Purple -- Anthem'),
('JYt883t8tN4', 'Romek RoczeÅ„ BiaÅ‚a sukienka'),
('9d6q3caSO0A', 'Deep Purple - Son Of Alerik'),
('KuFNcFeHdAE', 'KaÅ¼dy, kto daje ci system wierzeÅ„, jest twoim wrogiem'),
('jdViS3BEckI', 'Joe Cocker - Unforgiven (LIVE in Paris) HD'),
('tIdIqbv7SPo', 'Bill Withers - Ain''t No Sunshine'),
('Nn8aCsEyLFY', 'Riverside - Schizophrenic Prayer'),
('6Hxz6qJi-9k', 'Joe Cocker - Summer In The City'),
('QrY-V_NBPwE', 'Bond - Oceanic'),
('C7rOKhmnw44', 'Sparklehorse - Sad & Beautiful world'),
('nWzwKBoW_OA', 'Bond - Shine'),
('y-cHHNEYze8', 'Raz Dwa Trzy - Jutro moÅ¼emy byÄ‡ szczÄ™Å›liwi'),
('NHjNPjcWyYw', 'I''m Not There-I''m Not There'),
('HCMonDQ_VbM', 'Wilki - Eroll (official video)'),
('PoDhtBqgT9k', 'MÃ³j jest ten kawaÅ‚ek podÅ‚ogi'),
('shAVsbW9Rvs', 'Ð–ÐµÐ½Ñ Ð›ÑŽÐ±Ð¸Ñ‡ - Russian Girl (I''ve got vodka in my blood)'),
('gZ_kez7WVUU', 'Deep Purple - Perfect Strangers'),
('XD1cxSE25ck', 'Jet - Look what you''ve done'),
('xZbKHDPPrrc', 'Doris Day - Que Sera Sera'),
('GeSkFwaljoc', 'Jiddu Krishnamurti - Zeitgeist Addendum Intro'),
('Abbu5hcH0kk', 'Bob Dylan - Love Sick'),
('tGhuVedHqsU', 'Once upon a time in America - Final'),
('msPiKYuuRiQ', 'Jeff Beck - Cause We''ve Ended as Lovers'),
('D_H3IR6XBRI', 'Uriah Heep - July Morning'),
('ttlp1wgM7go', 'Uriah Heep-Lady in black'),
('s-H00MXjGXo', 'URIAH HEEP-GYPSY'),
('9ik1pxav-CM', 'Cat Stevens - Lady D''Arbanville (live)'),
('974dhopPlWA', 'Budka Suflera- Czas OÅ‚owiu (Live at Carnegie Hall)'),
('Ih6TnfmYT84', 'Illusion - Uriah Heep'),
('jow00AOdxOE', 'Budka Suflera- Nie wierz nigdy kobiecie (Live at Carnegie Hall)'),
('63FcXKCsdbs', 'Uriah Heep - Wise Man'),
('e-kyXDYBIAE', 'Uriah Heep - Pilgrim'),
('727Y84Bwusc', 'Adele - Someone Like You'),
('ijxk-fgcg7c', 'The Cure - Lullaby'),
('RblV27Tl5dg', 'Raz Dwa Trzy - Nie bÄ™dziemy'),
('Oqls_ARkaWw', 'Pijana laska zlizuje piwo z podÅ‚ogi'),
('ry9NLtH73SU', 'Apollo - Blind Love feat Kudi (Dubstep)'),
('SmVAWKfJ4Go', 'Johnny Cash Hurt'),
('jwIxOmDd7Po', 'MirosÅ‚aw Baka - JuÅ¼ jest za pÃ³Åºno'),
('SqAw2Sm5kus', '"Baranek" - genialny Zamachowski!'),
('v0J8c4HBFVQ', 'muszÄ™ dziÅ› ciebie zabiÄ‡____'),
('V_UbbhuK-mg', 'MirosÅ‚aw Baka - Nie rozdziobiÄ… na kruki ni wrony'),
('92qbA32d1D0', 'WWO - Gdy'),
('m54WNWCUAE8', 'Nie Placz Ewka'),
('ZVxDKhKvsSc', 'Co tam kobity, byÅ‚y i niech sobie bÄ™dÄ…...'),
('74UZOafHwEs', 'raz dwa trzy- idÄ™ przed siebie'),
('A1eXOKO9gSA', 'Three Colours White Ending'),
('4X3gWrby52I', 'Three Colours Blue - the ending. (English Subtitles)'),
('dIy7MdPyqg8', 'Kroll Pasikowskiego zaczynam go rozumieÄ‡...'),
('oy4uPZw4Rto', 'Brodka   Saute'),
('EKOeluzljc0', 'T.Love - To nie to'),
('Jx5T-G78SHI', 'Waterpistols & Daisy ft. Åozo - ZÅ‚y on'),
('Enq5EHFq3T4', 'Jacek Kaczmarski - WÄ™drÃ³wka Z Cieniem'),
('MTDkhgHV-Cg', 'Baranek - J. Kaczmarski i Kazik Staszewski'),
('7I4xgJkRlS0', 'DÅ¼em - ObÅ‚uda'),
('eDaGKHxEXNY', 'Zamachowski & Grupa MoCarta - Kobiety jak te kwiaty.flv'),
('poUej1jymWc', 'TADEUSZ NALEPA - JesteÅ› w piekle'),
('e0lZ-VfeYiU', 'Gutek - Nikt tak piÄ™knie nie mÃ³wiÅ‚, Å¼e siÄ™ boi miÅ‚oÅ›ci'),
('lqbFWLKjlP4', 'Mr Zoob - MÃ³j jest ten kawaÅ‚ek podÅ‚ogi'),
('GQGymatU9Ww', 'Siedem grzechÃ³w gÅ‚Ã³wnych'),
('Xa_rqLblzRo', 'Raz Dwa Trzy - IdÅº swojÄ… drogÄ…'),
('Q-IjR0qbtZE', 'Andrzej Grabowski   Talita Kumi'),
('5YXVMCHG-Nk', 'Damien Rice - The Blower''s Daughter - Official Video'),
('oG6pEolAKm8', 'MAREK GRECHUTA - Dni ktorych nie znamy'),
('hNqpkigpLgk', 'Niepokonani - perfect'),
('neKYaSpuCog', 'Sokol feat. Pono - Kazda porazke obracam w sukces'),
('qx3nNtFOy2c', 'Grup Yorum - Gel ki Safaklar Tutussun'),
('yyf059psVew', 'Empire Of The Sun - Suo Gan Scene'),
('YmyPO2HEC-E', 'Storm & ice. Ð¨Ñ‚Ð¾Ñ€Ð¼ Ð¸ Ð»ÐµÐ´ Ð² Ð¯Ð»Ñ‚Ðµ'),
('BTHeZyOL0aw', 'The Show - ã€ŽMoneyballã€Original Soundtrack by Kerris Dorsey'),
('wZXBCZRAPzM', 'Skaldowie - Nie ma Szatana'),
('qBI_Av00_Fo', 'Led Zeppelin: All My Love (With Lyrics)'),
('a36TL_C_N8w', 'Ä†ma (The Moth) - Jerzy Stuhr - odjechany monolog socjologa.avi'),
('8tj9YqlQ7es', 'Epitafium dla WÅ‚odzimierza Wysockiego - Jacek Kaczmarski'),
('xuoO-LsTGRU', 'De Mono  - KochaÄ‡ inaczej'),
('wwO9TIwjYEo', 'De Mono - Statki na niebie'),
('mzk1IUsF1R0', 'Urszula - Aniol wie'),
('5XXQT8Tlfkw', 'Zbigniew HoÅ‚dys - Stalker'),
('6kqbWVhr9h4', 'De Mono - ZostaÅ„my sami'),
('Lpv4YQQ5lEA', 'De Mono - Wszystko jest na sprzedaÅ¼'),
('yfT-ISOwRtw', 'Nigdy nie bÄ™dzie takiego lata   BogusÅ‚aw Linda'),
('p9qUlBdtcdc', 'De Mono - ZnÃ³w jesteÅ› ze mnÄ…'),
('tbKLRtA3vJM', 'Kobiety jak te kwiaty ...'),
('zDZTOriQ_t8', 'Andrzej Grabowski - Talita kumi'),
('fEGI9NbH-mk', 'Limp Bizkit - Behind Blue Eyes lyrics'),
('cPqw4ly8Jug', 'â€ªNANA (Lonely) I Am Lonely Lonely in My Lifeâ€¬â€ - YouTube.flv'),
('W57UseviQ8g', 'Andrzej Grabowski - Czasami'),
('Wy1V_3XiGf0', 'Andrzej Grabowski - My jesteÅ›my harlem'),
('7H8DhuENCYk', 'Video - Papieros Tekst'),
('gTYbwuyZYgA', 'Marilyn Manson - Saint'),
('NxuqhK-JTGs', 'Åšwietliki - Filandia'),
('PSZxmZmBfnU', 'Somewhere Over the Rainbow - The Wizard of Oz (1/8) Movie CLIP (1939) HD'),
('_IHxG8VkiQA', 'Johnny Cash - God''s Gonna Cut You Down'),
('sQahzB9TjQQ', 'Eminem - We Made You'),
('8oooO2ni7bo', 'Sexbomba - Wszystko czego dziÅ› chce [Cover Izabeli Trojanowskiej]'),
('awoi8G2tbWg', 'System of a Down - Question'),
('mHVwk0dtq6M', 'System of a Down - Sugar'),
('11WrSYuee84', 'KoRn - Liar'),
('gufaCd10qx8', 'Red - Let Go'),
('RefrOwWBmec', 'Hoobastank   Running Away'),
('LR907MlF8zk', 'Sammy Hagar - Mas Tequila'),
('FnlbR0xLFsg', 'Perfect - Kochaj mnie -" KoÅ‚ysanka dla nieznajomej"'),
('6EEW-9NDM5k', 'Akon - Lonely'),
('QTA4FHafR_o', 'RMF FM 2004 Å¼yczenia noworoczne StanisÅ‚awa TyczyÅ„skiego+jingiel');

/*!40101 SET CHARACTER_SET_CLIENT=@OLD_CHARACTER_SET_CLIENT */;
/*!40101 SET CHARACTER_SET_RESULTS=@OLD_CHARACTER_SET_RESULTS */;
/*!40101 SET COLLATION_CONNECTION=@OLD_COLLATION_CONNECTION */;
